id,name,model_id:id,group_id:id,perm_read,perm_write,perm_create,perm_unlink
emp_hr_performance_evaluation,hr.performance.evaluation,model_hr_performance_evaluation,base.group_user,1,0,0,0
mgr_hr_performance_evaluation,hr.performance.evaluation,model_hr_performance_evaluation,hr.group_hr_manager,1,1,1,1
hr_hr_performance_evaluation,hr.performance.evaluation,model_hr_performance_evaluation,hr.group_hr_user,1,0,0,0
gm_hr_performance_evaluation,hr.performance.evaluation,model_hr_performance_evaluation,group_hr_general_manager,1,1,1,1
