<?xml version="1.0"?>
<odoo>
    <data>
        <record id="pss_view_sales_config" model="ir.ui.view">
            <field name="name">pss_view_sales_config</field>
            <field name="model">res.config.settings</field>
            <field name="inherit_id" ref="sale.res_config_settings_view_form"/>
            <field name="arch" type="xml">
                <xpath expr="//div[@data-key='sale_management']/div[hasclass('o_settings_container')][2]/div[hasclass('o_setting_box')][2]" position="after">

                <div class="col-xs-12 col-md-6 o_setting_box">
                    <div class="o_setting_left_pane">
                        <field name="so_order_approval"/>
                    </div>
                    <div class="o_setting_right_pane">
                        <label for="so_order_approval"/>
                        <span class="fa fa-lg fa-building-o" title="Values set here are company-specific." groups="base.group_multi_company"/>
                        <div class="text-muted">
                            Managers must approve discount
                        </div>
                        <div class="content-group" attrs="{'invisible': [('so_order_approval', '=', False)]}">
                            <div class="row mt16">
                                <label for="apply_discount_by" class="col-md-4 o_light_label"/>
                                <field name="apply_discount_by" widget="radio"
                           attrs="{'invisible':[('group_discount_per_so_line', '!=', 1)],'required':[('group_discount_per_so_line', '=', 1)]}"/>
                            </div>
                        </div>
                    </div>
                </div>

            </xpath>
                <!--<xpath expr="//field[@name='group_discount_per_so_line']" position="after">-->
                    <!--<field name="apply_discount_by"/>-->
                    <!--<field name="apply_discount_by" widget="radio"-->
                           <!--attrs="{'invisible':[('group_discount_per_so_line', '!=', 1)],'required':[('group_discount_per_so_line', '=', 1)]}"/>-->
                <!--</xpath>-->
            </field>
        </record>

        <record id="pss_view_account_config_settings" model="ir.ui.view">
            <field name="name">pss_view_account_config_settings</field>
            <field name="model">res.config.settings</field>
            <field name="inherit_id" ref="account.res_config_settings_view_form"/>
            <field name="arch" type="xml">
                 <xpath expr="//div[@data-key='account']/div[hasclass('o_settings_container')][2]/div[hasclass('o_setting_box')][2]" position="after">

                    <group>
                        <label for="id" string="Discount"/>
                        <div name="'discount">
                            <div name="sales_discount">
                                <label for="sale_discount_id"/>
                                <field name="sale_discount_id"
                                       class="oe_inline"/>
                            </div>
                            <div name="purchase_discount">
                                <label for="purchase_discount_id"/>
                                <field name="purchase_discount_id"
                                       class="oe_inline"/>
                            </div>
                        </div>
                    </group>
                </xpath>
                <!--<xpath expr="//div[hasclass('settings')]" position="inside">-->
            </field>
        </record>
    </data>
</odoo>
