id,name,model_id:id,group_id:id,perm_read,perm_write,perm_create,perm_unlink
access_hr_family_details,hr.family.details,model_hr_family_details,hr.group_hr_manager,1,1,1,1
access_hr_family_details_emp,hr.family.details,model_hr_family_details,base.group_user,0,0,0,0
,,,,,,,
access_hr_expiry_details,hr.expiry.details,model_hr_expiry_details,hr.group_hr_manager,1,1,1,1
access_hr_expiry_details_emp,hr.expiry.details,model_hr_expiry_details,base.group_user,1,1,1,0
access_hr_payroll,hr.payroll,hr_payroll.model_hr_payslip,base.group_user,1,1,0,0
