<?xml version="1.0" encoding="utf-8"?>
<openerp>
    <data noupdate="0">
    
        <!-- HR Employee Loan -->
<!--        <record id="seq_type_eosb_eosb_sequence" model="ir.sequence.type">
            <field name="name">EOSB Type</field>
            <field name="code">eosb.eosb</field>
        </record>-->
        <record id="seq_eosb_eosb_sequence" model="ir.sequence">
            <field name="name">EOSB</field>
            <field name="code">eosb.eosb</field>
    	    <field name="prefix">EOSB/</field> 
            <field name="padding">6</field>
            <field name="company_id" eval="False"/>
        </record>






    </data>
</openerp>
