id,name,model_id:id,group_id:id,perm_read,perm_write,perm_create,perm_unlink
access_hr_expense_ps,hr.expense.ps,model_hr_expense_ps,base.group_user,1,1,1,1
access_hr_expense_ps_line,hr.expense.line,model_hr_expense_line,base.group_user,1,1,1,1
access_ps_petty_cash,ps.petty.cash,model_ps_petty_cash,base.group_user,1,0,0,0
access_resource_resource,resource.resource,resource.model_resource_resource,base.group_user,1,1,1,1
access_ps_petty_cash_accountant,ps.petty.cash,model_ps_petty_cash,account.group_account_invoice,1,1,1,1
