<odoo>
    <data noupdate="1">
        <record id="petty_cash_rule" model="ir.rule">
            <field name="name">Petty Cash </field>
            <field name="model_id" ref="hr_expense_ps.model_ps_petty_cash"/>
            <field name="global" eval="False"/>
            <field name="domain_force">[('employee_id.user_id', '=', user.id)]</field>
            <field name="groups" eval="[(4, ref('base.group_user'))]"/>
            <field name="perm_create" eval="False"/>
        </record>

        <record id="petty_cash_rule_manager" model="ir.rule">
            <field name="name">Petty Cash Manager</field>
            <field name="model_id" ref="hr_expense_ps.model_ps_petty_cash"/>
            <field name="global" eval="False"/>
            <field name="domain_force">[(1, '=', 1)]</field>
            <field name="groups" eval="[(4, ref('hr_performance_ps.group_hr_general_manager')),(4, ref('hr.group_hr_manager')),(4, ref('hr.group_hr_user'))]"/>
        </record>

        <record id="hr_expense_ps_rule" model="ir.rule">
            <field name="name">My Expenses PS </field>
            <field name="model_id" ref="hr_expense_ps.model_hr_expense_ps"/>
            <field name="global" eval="False"/>
            <field name="domain_force">[('employee_id.user_id', '=', user.id)]</field>
            <field name="groups" eval="[(4, ref('base.group_user'))]"/>
            <field name="perm_create" eval="False"/>
        </record>

        <record id="hr_expense_ps_rule_manager" model="ir.rule">
            <field name="name">My Expenses PS Manager</field>
            <field name="model_id" ref="hr_expense_ps.model_hr_expense_ps"/>
            <field name="global" eval="False"/>
            <field name="domain_force">[(1, '=', 1)]</field>
            <field name="groups" eval="[(4, ref('hr_performance_ps.group_hr_general_manager')),(4, ref('hr.group_hr_manager')),(4, ref('hr.group_hr_user'))]"/>
        </record>
    </data>
</odoo>