<?xml version="1.0" encoding="utf-8"?>
<odoo>
<!--

    <data noupdate="0">
        <record id="group_hr_general_manager" model="res.groups">
        <field name="name">General Manager</field>
        <field name="comment">the user will have an access to the human resources configuration as well as statistic reports.</field>
        <field name="category_id" ref="base.module_category_human_resources"/>
        <field name="implied_ids" eval="[(4, ref('hr.group_hr_manager'))]"/>
        <field name="users" eval="[(4, ref('base.user_root')), (4, ref('base.user_admin'))]"/>
    </record>
    </data>

-->
</odoo>
