<odoo>
    <data>


    </data>

    <data>
        <record id="ps_hr_emp_rule" model="ir.rule">
            <field name="name">Employee rule</field>
            <field name="model_id" ref="model_hr_employee"/>
            <field name="active" eval="True"/>
            <field name="domain_force">[('user_id','=',user.id)]</field>
            <field name="groups" eval="[(4, ref('base.group_user'))]"/>
        </record>

        <record id="ps_hr_mgr_emp_rule" model="ir.rule">
            <field name="name">Employee Officer rule</field>
            <field name="model_id" ref="model_hr_employee"/>
            <field name="active" eval="True"/>
            <field name="domain_force">[(1,'=',1)]</field>
            <field name="groups" eval="[(4, ref('hr.group_hr_user'))]"/>
        </record>
        <record id="ps_hr_mgr_emp_rule" model="ir.rule">
            <field name="name">Employee Manager rule</field>
            <field name="model_id" ref="model_hr_employee"/>
            <field name="active" eval="True"/>
            <field name="domain_force">[(1,'=',1)]</field>
            <field name="groups" eval="[(4, ref('hr.group_hr_manager'))]"/>
        </record>
        <!--<delete model="ir.rule" id="hr_emp_rule"/>
        <delete model="ir.rule" id="hr_mgr_emp_rule"/>-->
        <record id="hr.hr_job_comp_rule" model="ir.rule">
            <field name="name">Job multi company rule</field>
            <field name="model_id" ref="hr.model_hr_job"/>
            <field name="active" eval="False"/>
            <field name="global" eval="True"/>
            <field name="domain_force">['|',('company_id','=',False),('company_id','child_of',[user.company_id.id])]
            </field>
        </record>
    </data>
</odoo>