id,name,model_id:id,group_id:id,perm_read,perm_write,perm_create,perm_unlink
access_hr_family_details,hr.family.details,model_hr_family_details,hr.group_hr_manager,1,1,1,1
access_hr_family_details_emp,hr.family.details,model_hr_family_details,base.group_user,1,1,1,0
,,,,,,,
,,,,,,,
access_hr_expiry_details_emp,hr.expiry.details,model_hr_expiry_details,base.group_user,1,1,1,0
access_hr_expiry_details,hr.expiry.details,model_hr_expiry_details,hr.group_hr_manager,1,1,1,1
,,,,,,,
access_hr_id_type_user,hr_id_type,model_hr_id_type,base.group_user,1,1,1,0
access_hr_id_type_manager,hr_id_type,model_hr_id_type,hr.group_hr_manager,1,1,0,1
,,,,,,,
access_hr_payroll,hr.payroll,hr_payroll.model_hr_payslip,base.group_user,1,1,0,0
,,,,,,,
access_vacation_tickets_user,vacation_tickets,model_vacation_tickets,base.group_user,1,1,1,0
access_vacation_tickets_manager,vacation_tickets,model_vacation_tickets,hr.group_hr_manager,1,1,1,1
,,,,,,,
access_labour_office_fig_user,labour_office_fig,model_labour_office_fig,base.group_user,1,1,1,0
access_labour_office_fig_manager,labour_office_fig,model_labour_office_fig,hr.group_hr_manager,1,1,1,1
,,,,,,,
access_transfer_company_fig_user,transfer_company_fig,model_transfer_company_fig,base.group_user,1,1,1,0
access_transfer_company_fig_manager,transfer_company_fig,model_transfer_company_fig,hr.group_hr_manager,1,1,1,1
,,,,,,,
access_employee_clearance_fig_user,employee_clearance_fig,model_employee_clearance_fig,base.group_user,1,1,1,0
access_employee_clearance_fig_manager,employee_clearance_fig,model_employee_clearance_fig,hr.group_hr_manager,1,1,1,1
,,,,,,,
access_identification_letter_fig_user,identification_letter_fig,model_identification_letter_fig,base.group_user,1,1,1,0
access_identification_letter_fig_manager,identification_letter_fig,model_identification_letter_fig,hr.group_hr_manager,1,1,1,1
,,,,,,,
access_commercial_certificate_fig_user,commercial_certificate_fig,model_commercial_certificate_fig,base.group_user,1,1,1,0
access_commercial_certificate_fig_manager,commercial_certificate_fig,model_commercial_certificate_fig,hr.group_hr_manager,1,1,1,1
,,,,,,,
access_hr_position_classifications_user,hr_position_classifications,model_hr_position_classifications,base.group_user,1,1,1,0
access_hr_position_classifications_manager,hr_position_classifications,model_hr_position_classifications,hr.group_hr_manager,1,1,1,1
,,,,,,,
access_hr_position_classifications_category_user,hr_position_classifications_category,model_hr_position_classifications_category,base.group_user,1,1,1,0
access_hr_position_classifications_category_manager,hr_position_classifications_category,model_hr_position_classifications_category,hr.group_hr_manager,1,1,1,1
,,,,,,,
access_hr_position_classifications_grade_user,hr_position_classifications_grade,model_hr_position_classifications_grade,base.group_user,1,1,1,0
access_hr_position_classifications_grade_manager,hr_position_classifications_grade,model_hr_position_classifications_grade,hr.group_hr_manager,1,1,1,1
,,,,,,,
access_hr_position_classifications_position_level_user,hr_position_classifications_position_level,model_hr_position_classifications_position_level,base.group_user,1,1,1,0
access_hr_position_classifications_position_level_manager,hr_position_classifications_position_level,model_hr_position_classifications_position_level,hr.group_hr_manager,1,1,1,1
,,,,,,,
access_hr_business_travel_fig_user,hr_business_travel_fig,model_business_travel_fig,base.group_user,1,1,1,0
access_hr_business_travel_fig_manager,hr_business_travel_fig,model_business_travel_fig,hr.group_hr_manager,1,1,1,1
,,,,,,,
access_hr_work_commencement_fig_user,work_commencement_fig,model_work_commencement_fig,base.group_user,1,1,1,0
access_hr_work_commencement_fig_manager,work_commencement_fig,model_work_commencement_fig,hr.group_hr_manager,1,1,1,1
,,,,,,,
access_hr_commencement_after_vacation_figl_user,commencement_after_vacation_fig,model_commencement_after_vacation_fig,base.group_user,1,1,1,0
access_hr_commencement_after_vacation_fig_manager,commencement_after_vacation_fig,model_commencement_after_vacation_fig,hr.group_hr_manager,1,1,1,1
,,,,,,,
access_hr_payslip_run_officer,hr.payslip.run,hr_payroll.model_hr_payslip_run,hr_payroll.group_hr_payroll_user,1,1,1,1
