<?xml version="1.0" encoding="utf-8"?>
<openerp>
    <data noupdate="1">

        <!--IT DEPARTMENT-->
        <!--CATEGORY-->
        <record model="ir.module.category" id="module_category_it_department_management">
            <field name="name">IT Department</field>
            <field name="sequence">18</field>
        </record>
        <!--GROUPS-->
        <record id="group_it_department_user" model="res.groups">
            <field name="name">User</field>
            <field name="category_id" ref="module_category_it_department_management"/>
        </record>

        <record id="group_it_department_direct_manager" model="res.groups">
            <field name="name">Direct Manager</field>
            <field name="category_id" ref="module_category_it_department_management"/>
            <field name="implied_ids" eval="[(4, ref('group_it_department_user'))]"/>
            <field name="users" eval="[(4, ref('base.user_root'))]"/>
        </record>

        <record id="group_it_department_manager" model="res.groups">
            <field name="name">IT Manager</field>
            <field name="category_id" ref="module_category_it_department_management"/>
            <field name="implied_ids" eval="[(4, ref('group_it_department_direct_manager'))]"/>
            <field name="users" eval="[(4, ref('base.user_root'))]"/>
        </record>


        <record model="ir.module.category" id="module_category_fig_hr"> <!--id="base.module_category_fig_hr">-->
            <field name="name">FIG HR Access Rights</field>
            <field name="sequence">8</field>
        </record>
        <record id="group_it_manager_fig" model="res.groups">  <!-- <record id="base.group_it_manager_fig" model="res.groups">-->
            <field name="name">FIG HR / IT Manager</field>
            <field name="category_id" ref="module_category_fig_hr"/> <!--id="base.module_category_fig_hr">-->
        </record>
        <record id="group_direct_manager_fig" model="res.groups">  <!-- <record id="base.group_it_manager_fig" model="res.groups">-->
            <field name="name">FIG HR / Direct Manager</field>
            <field name="category_id" ref="module_category_fig_hr"/> <!--id="base.module_category_fig_hr">-->
        </record>
        <record id="group_chairman_fig" model="res.groups">       <!-- <record id="base.group_it_manager_fig" model="res.groups">-->
            <field name="name">FIG HR / Chairman</field>
            <field name="category_id" ref="module_category_fig_hr"/> <!--id="base.module_category_fig_hr">-->
        </record>

    </data>
</openerp>
