id,name,model_id:id,group_id:id,perm_read,perm_write,perm_create,perm_unlink
access_hr_overtime_ps,hr.overtime.ps,model_hr_overtime_ps,base.group_user,1,1,1,1
access_hr_overtime_summary_ps,hr.overtime.summary.ps,model_hr_overtime_summary_ps,base.group_user,1,1,1,1
access_hr_overtime_type_ps,hr.overtime.type.ps,model_hr_overtime_type_ps,base.group_user,1,1,1,1
access_hr_contract_employee,hr.contract.employee,model_hr_contract,base.group_user,1,0,0,0
access_resource_calendar_attendance_employee,resource.calendar.attendance.employee,resource.model_resource_calendar_attendance,base.group_user,1,1,1,1

