<?xml version="1.0"?>
<odoo>
    <data>
        <record id="ir_cron_import_journalentry_action" model="ir.cron">
            <field name="name">Expiry Reminder Mail</field>
            <field name="interval_number">1</field>
            <field name="interval_type">days</field>
            <field name="numbercall">-1</field>
            <field eval="False" name="doall"/>
            <field eval="'hr.employee'" name="model"/>
            <field eval="'_do_mail'" name="function"/>
            <field eval="'()'" name="args"/>
        </record>
    </data>
</odoo>
