<?xml version="1.0" encoding="utf-8"?>
<openerp>
    <data noupdate="0">
    
        <record id="seq_hr_employee_loan_ps_sequence" model="ir.sequence">
            <field name="name">HR Employee Loan</field>
            <field name="code">hr.employee.loan.ps</field>
    	    <field name="prefix">LOAN/</field> 
            <field name="padding">6</field>
            <field name="company_id" eval="False"/>
        </record>

        <!-- HR Employee Advance -->
        <record id="seq_hr_employee_advance_ps_sequence" model="ir.sequence">
            <field name="name">HR Employee Advance</field>
            <field name="code">hr.employee.advance.ps</field>
    	    <field name="prefix">ADV/</field> 
            <field name="padding">6</field>
            <field name="company_id" eval="False"/>
        </record>




    </data>
</openerp>
